{"Type": "RGB", "x_res": 220, "y_res": 220, "R_Max_value": 255, "R_Min_Value": 52, "G_Max_value": 241, "G_Min_Value": 0, "B_Max_value": 215, "B_Min_Value": 41, "R_Variance": 2386.5271619420637, "R_Standard_devation": 48.85209475490343, "R_Median": 196.0, "R_Average": 180.22130165289255, "G_Variance": 2753.1571941632233, "G_Standard_devation": 52.470536438683595, "G_Median": 97.0, "G_Average": 99.05431818181818, "B_Variance": 1108.801194364712, "B_Standard_devation": 33.29866655535491, "B_Median": 101.0, "B_Average": 105.40861570247934, "R_histogram": [0, 0, 0, 0, 0, 0, 0, 0, 0, 0, 0, 0, 0, 0, 0, 0, 0, 0, 0, 0, 0, 0, 0, 0, 0, 0, 0, 0, 0, 0, 0, 0, 0, 0, 0, 0, 0, 0, 0, 0, 0, 0, 0, 0, 0, 0, 0, 0, 0, 0, 0, 0, 1, 1, 0, 2, 0, 1, 3, 3, 3, 3, 0, 4, 7, 9, 12, 14, 16, 14, 28, 31, 29, 36, 44, 55, 53, 67, 64, 89, 101, 108, 147, 135, 175, 180, 225, 205, 43, 49, 23, 43, 38, 27, 23, 53, 31, 21, 11, 253, 23, 28, 255, 242, 228, 206, 197, 202, 167, 189, 158, 155, 145, 133, 125, 126, 114, 128, 120, 91, 124, 124, 108, 124, 120, 118, 122, 123, 118, 121, 122, 122, 143, 123, 113, 157, 138, 121, 131, 122, 143, 142, 123, 145, 139, 133, 164, 146, 153, 154, 132, 132, 139, 159, 157, 143, 154, 183, 137, 152, 191, 164, 166, 133, 180, 151, 156, 205, 196, 224, 228, 243, 30, 62, 88, 108, 94, 102, 79, 42, 252, 13, 5, 222, 250, 213, 14, 32, 34, 63, 74, 85, 102, 106, 140, 120, 75, 103, 97, 76, 107, 178, 205, 221, 45, 105, 96, 100, 129, 118, 109, 23, 249, 208, 212, 193, 199, 30, 41, 139, 219, 253, 22, 53, 253, 207, 45, 226, 218, 158, 161, 95, 142, 79, 188, 186, 172, 221, 182, 111, 46, 15, 215, 135, 131, 147, 137, 106, 74, 87, 61, 46, 33, 26, 16, 29], "G_histogram": [15, 5, 14, 8, 23, 27, 29, 33, 61, 65, 72, 99, 108, 129, 161, 166, 203, 229, 80, 59, 115, 138, 149, 170, 108, 146, 131, 123, 127, 64, 24, 10, 35, 240, 202, 236, 198, 192, 182, 174, 210, 185, 204, 208, 200, 189, 194, 187, 160, 205, 168, 195, 176, 205, 195, 195, 180, 204, 211, 233, 1, 52, 67, 65, 115, 166, 145, 112, 110, 98, 76, 67, 33, 22, 1, 26, 252, 19, 29, 5, 12, 248, 254, 28, 7, 41, 13, 31, 62, 25, 94, 100, 131, 159, 141, 148, 132, 87, 141, 151, 59, 61, 74, 56, 75, 253, 24, 12, 14, 37, 35, 42, 89, 36, 68, 60, 18, 33, 45, 41, 35, 37, 46, 63, 83, 90, 83, 100, 90, 158, 102, 116, 135, 101, 144, 136, 126, 109, 94, 64, 35, 253, 234, 224, 225, 215, 193, 177, 185, 188, 181, 194, 166, 148, 154, 172, 165, 171, 149, 152, 103, 119, 126, 110, 98, 89, 88, 87, 88, 89, 98, 82, 101, 115, 100, 93, 69, 88, 114, 123, 122, 117, 126, 131, 138, 155, 143, 149, 132, 127, 112, 124, 116, 130, 120, 128, 162, 125, 156, 133, 153, 162, 142, 156, 157, 141, 130, 116, 91, 92, 71, 63, 60, 49, 50, 33, 30, 32, 24, 16, 23, 14, 7, 16, 7, 5, 7, 8, 6, 3, 2, 2, 4, 0, 0, 2, 1, 0, 1, 0, 0, 1, 0, 0, 0, 0, 0, 0, 0, 0, 0, 0, 0, 0, 0, 0], "B_histogram": [0, 0, 0, 0, 0, 0, 0, 0, 0, 0, 0, 0, 0, 0, 0, 0, 0, 0, 0, 0, 0, 0, 0, 0, 0, 0, 0, 0, 0, 0, 0, 0, 0, 0, 0, 0, 0, 0, 0, 0, 0, 1, 1, 1, 2, 0, 3, 6, 9, 13, 28, 43, 55, 80, 96, 137, 185, 232, 44, 85, 170, 216, 5, 107, 97, 152, 94, 87, 13, 254, 203, 219, 241, 254, 48, 69, 119, 127, 109, 66, 73, 40, 21, 0, 248, 253, 6, 252, 45, 236, 28, 69, 9, 80, 63, 122, 89, 41, 51, 7, 14, 2, 206, 194, 215, 204, 253, 230, 9, 26, 247, 6, 2, 204, 228, 247, 230, 237, 2, 24, 98, 99, 114, 102, 98, 21, 254, 171, 141, 114, 65, 29, 215, 189, 197, 151, 165, 163, 169, 154, 155, 155, 163, 142, 152, 148, 157, 156, 162, 138, 150, 166, 144, 172, 159, 197, 201, 209, 171, 170, 170, 167, 186, 160, 163, 155, 149, 162, 128, 145, 132, 126, 148, 136, 114, 107, 93, 97, 85, 96, 98, 88, 128, 111, 122, 103, 100, 98, 92, 89, 79, 65, 54, 42, 36, 26, 29, 19, 28, 25, 23, 16, 14, 13, 15, 13, 10, 3, 9, 5, 8, 4, 1, 0, 2, 1, 0, 0, 0, 0, 0, 0, 0, 0, 0, 0, 0, 0, 0, 0, 0, 0, 0, 0, 0, 0, 0, 0, 0, 0, 0, 0, 0, 0, 0, 0, 0, 0, 0, 0, 0, 0, 0, 0, 0, 0]}