{"Type": "L", "x_res": 343, "y_res": 343, "Max_value": 255, "Min value": 3, "Variance": 2825.9785925514216, "Standard_devation": 53.15993409092436, "Median": 97.0, "Average": 99.26056320070718, "histogram": [0, 0, 0, 2, 21, 30, 61, 95, 110, 147, 196, 20, 66, 118, 218, 41, 86, 168, 52, 122, 130, 168, 209, 170, 217, 154, 121, 121, 71, 36, 196, 160, 112, 72, 5, 10, 230, 202, 184, 212, 215, 244, 168, 209, 187, 173, 215, 195, 201, 212, 189, 201, 172, 217, 203, 220, 253, 237, 24, 90, 162, 189, 240, 126, 137, 132, 88, 136, 69, 79, 7, 0, 137, 203, 172, 159, 172, 98, 123, 158, 97, 148, 108, 175, 158, 156, 191, 154, 236, 23, 123, 158, 138, 116, 153, 140, 255, 142, 78, 129, 17, 0, 12, 212, 201, 16, 125, 111, 191, 149, 189, 7, 28, 255, 238, 9, 202, 182, 217, 191, 201, 5, 222, 229, 57, 91, 54, 85, 139, 116, 107, 179, 109, 150, 206, 150, 158, 93, 78, 222, 170, 108, 100, 16, 22, 20, 213, 236, 147, 212, 187, 171, 154, 155, 118, 116, 113, 98, 104, 135, 37, 16, 235, 249, 239, 213, 236, 0, 200, 235, 200, 213, 212, 195, 6, 219, 244, 0, 15, 44, 8, 46, 51, 53, 90, 121, 65, 88, 46, 59, 31, 72, 67, 52, 53, 81, 71, 97, 98, 128, 106, 114, 128, 128, 101, 88, 70, 36, 249, 211, 170, 163, 125, 110, 97, 86, 66, 78, 45, 46, 35, 41, 30, 21, 28, 12, 9, 4, 6, 1, 1, 4, 0, 0, 1, 1, 0, 0, 0, 0, 0, 0, 0, 0, 0, 0, 0, 0, 1, 0, 0, 0, 0, 0, 0, 87]}